{"city2":{"saleSpots":{"1":{"z":30.2436294555664,"w":21.55968475341797,"x":229.38478088378907,"y":-863.8563842773438}},"sellPoint":{"z":30.08693695068359,"x":225.45639038085936,"y":-859.721435546875},"label":"City 2","sellRadius":30},"city":{"saleSpots":{"2":{"z":30.69000053405761,"w":344.5,"x":226.0500030517578,"y":-899.6400146484375},"3":{"z":30.69000053405761,"w":186.2400054931641,"x":225.27000427246098,"y":-888.5},"1":{"z":30.69000053405761,"w":317.9500122070313,"x":221.8000030517578,"y":-896.0700073242188}},"sellPoint":{"z":30.69000053405761,"x":219.88999938964845,"y":-892.3400268554688},"label":"City PDM","sellRadius":30.0}}