{"city":{"1":{"y":-897.8209228515625,"z":30.13007926940918,"w":340.1482238769531,"x":222.8121337890625},"2":{"y":-893.6207275390625,"z":30.12971305847168,"w":94.8968734741211,"x":229.5998992919922},"3":{"y":-898.387939453125,"z":30.13067817687988,"w":35.19678497314453,"x":228.55516052246095}}}